{"cameraMode":{"drawMode":0,"name":"Shaded","section":"Shading Mode"},"sceneLighting":true,"audioPlay":false,"sceneViewState":{"m_AlwaysRefresh":false,"showFog":true,"showSkybox":true,"showFlares":true,"showImageEffects":true,"showParticleSystems":true,"showVisualEffectGraphs":true,"m_FxEnabled":true},"in2DMode":false,"pivot":{"x":0.6066446304321289,"y":0.17267072200775147,"z":-5.895534038543701},"rotation":{"x":-0.17098252475261689,"y":-0.5531042814254761,"z":0.11720149964094162,"w":-0.8069043159484863},"size":0.8660253882408142,"orthographic":false}