{"cameraMode":{"drawMode":0,"name":"Shaded","section":"Shading Mode"},"sceneLighting":true,"audioPlay":false,"sceneViewState":{"m_AlwaysRefresh":false,"showFog":true,"showSkybox":true,"showFlares":true,"showImageEffects":true,"showParticleSystems":true,"showVisualEffectGraphs":true,"m_FxEnabled":true},"in2DMode":false,"pivot":{"x":0.24996821582317353,"y":2.420727252960205,"z":-7.275795936584473},"rotation":{"x":-0.32110628485679629,"y":-0.046292565762996677,"z":0.015711363404989244,"w":-0.9457658529281616},"size":0.3986590504646301,"orthographic":false}